,At Phi,Mean,Max
Scaling Factor,1.618033988749895,,
State Overlap,,0.018964364355019546,0.11834813910716369
Dimension Difference,-0.15508816257210029,-0.15510649873472393,-0.15423091811770087
Standard Dimension,0.15508816257210029,0.15510649873472393,0.15609343513570992
Phi-Sensitive Dimension,0.0,0.0,0.0
Phi-Sensitive Winding,-1.4737196653016684,-1.037767264094648,0.14443077045187952
Berry Phase,0.6837851229079042,0.3304751508773728,2.720424426380757
