,At Phi,Mean,Max
Scaling Factor,1.618033988749895,,
State Overlap,,0.018964364355019546,0.11834813910716369
Dimension Difference,-0.15508816257210029,-0.15510649873472393,-0.15423091811770087
Standard Dimension,0.15508816257210029,0.15510649873472393,0.15609343513570992
Phi-Sensitive Dimension,0.0,0.0,0.0
Phi-Sensitive Winding,0.0,0.0,0.0
Berry Phase,-3.141592653589793,1.0471975511965976,3.141592653589793
