Property,Value at φ=1.6180,Mean Value,Min Value,Max Value,% Difference from Mean
Band Gap,2.525252525252525,2.525252525252525,2.525252525252525,2.525252525252525,0.0
Fractal Dimension,0.7360535452986904,0.7360535452986904,0.7360535452986904,0.7360535452986904,0.0
Topological Invariant,0.0,0.0,0.0,0.0,0.0
Correlation Length,0.396,0.396,0.396,0.396,0.0
