,p_value,z_score,Status
State Overlap,0.014467187235646476,0.5381131645706767,Significant
